Workbook

Sheet Vulnerability Register
A1: VULNERABILITY MANAGEMENT REGISTER
A2: Track every vulnerability from discovery through remediation. One row per finding.
A4: Vuln ID | B4: Scan Date | C4: Asset / Host | D4: CVE | E4: Vulnerability | F4: Severity | G4: CVSS Score | H4: Remediation | I4: Owner | J4: SLA Due Date | K4: Status | L4: Date Closed
A5: VLN-001 | B5: 2025-04-01 | C5: 192.168.1.10 | D5: CVE-2021-44228 | E5: Apache Log4j RCE (Log4Shell) | F5: Critical | G5: 10.0 | H5: Update Log4j to 2.17.1. Apply WAF rules immediately. | I5: IT Security | J5: 2025-04-08 | K5: Open
A6: VLN-002 | B6: 2025-04-01 | C6: 192.168.1.10 | D6: CVE-2021-34527 | E6: Windows Print Spooler RCE (PrintNightmare) | F6: Critical | G6: 8.8 | H6: Apply KB5004945. Disable Print Spooler if not required. | I6: IT Operations | J6: 2025-04-08 | K6: In Progress
A7: VLN-003 | B7: 2025-04-01 | C7: 192.168.1.25 | D7: CVE-2022-26134 | E7: Atlassian Confluence OGNL Injection | F7: Critical | G7: 9.8 | H7: Upgrade Confluence to 7.4.17 immediately. | I7: DevOps | J7: 2025-04-08 | K7: Remediated | L7: 2025-04-03
A8: VLN-004 | B8: 2025-04-01 | C8: 192.168.1.15 | D8: CVE-2023-23397 | E8: Microsoft Outlook Privilege Escalation | F8: High | G8: 9.8 | H8: Apply March 2023 Microsoft security update. | I8: IT Operations | J8: 2025-04-15 | K8: Open
A9: VLN-005 | B9: 2025-04-01 | C9: 192.168.1.20 | D9: CVE-2021-26855 | E9: Exchange Server SSRF (ProxyLogon) | F9: High | G9: 9.1 | H9: Apply KB5000871. Migrate to Exchange Online if possible. | I9: IT Operations | J9: 2025-04-15 | K9: In Progress
A10: VLN-006 | B10: 2025-04-01 | C10: 192.168.1.30 | D10: CVE-2022-22965 | E10: Spring Framework RCE (Spring4Shell) | F10: High | G10: 9.8 | H10: Update Spring Framework to 5.3.18 or 5.2.20. | I10: DevOps | J10: 2025-04-15 | K10: Open
A11: VLN-007 | B11: 2025-04-01 | C11: 192.168.1.10 | D11: CVE-2019-0708 | E11: Windows RDS RCE (BlueKeep) | F11: High | G11: 9.8 | H11: Apply KB4499175. Disable RDP if not required. | I11: IT Operations | J11: 2025-04-15 | K11: Remediated | L11: 2025-04-02
A12: VLN-008 | B12: 2025-04-01 | C12: 192.168.1.40 | D12: CVE-2021-21985 | E12: VMware vCenter RCE | F12: High | G12: 9.8 | H12: Update vCenter to 6.7 U3n or 7.0 U2b. | I12: Infrastructure | J12: 2025-04-15 | K12: Open
A13: VLN-009 | B13: 2025-04-01 | C13: 192.168.1.15 | D13: CVE-2020-1472 | E13: Netlogon Elevation of Privilege (Zerologon) | F13: High | G13: 10.0 | H13: Apply August 2020 update. Enable enforcement mode. | I13: IT Operations | J13: 2025-04-15 | K13: Remediated | L13: 2025-04-04
A14: VLN-010 | B14: 2025-04-01 | C14: 192.168.1.50 | D14: CVE-2021-26084 | E14: Atlassian Confluence OGNL Injection | F14: Medium | G14: 9.8 | H14: Upgrade Confluence to 7.13.0 or apply workaround. | I14: DevOps | J14: 2025-05-01 | K14: Open
A15: VLN-011 | B15: 2025-04-01 | C15: 192.168.1.55 | D15: CVE-2022-0847 | E15: Linux Kernel Privilege Escalation (Dirty Pipe) | F15: Medium | G15: 7.8 | H15: Update kernel to 5.16.11 or later. | I15: Infrastructure | J15: 2025-05-01 | K15: In Progress
A16: VLN-012 | B16: 2025-04-01 | C16: 192.168.1.60 | D16: CVE-2021-3156 | E16: Sudo Heap Buffer Overflow (Baron Samedit) | F16: Medium | G16: 7.8 | H16: Update sudo to 1.9.5p2 or later. | I16: Infrastructure | J16: 2025-05-01 | K16: Open
A17: VLN-013 | B17: 2025-04-01 | C17: 192.168.1.25 | D17: CVE-2020-0601 | E17: Windows CryptoAPI Spoofing | F17: Medium | G17: 8.1 | H17: Apply January 2020 security update. | I17: IT Operations | J17: 2025-05-01 | K17: Remediated | L17: 2025-04-05
A18: VLN-014 | B18: 2025-04-01 | C18: 192.168.1.70 | D18: CVE-2019-11043 | E18: PHP-FPM RCE | F18: Low | G18: 9.8 | H18: Update PHP to 7.1.33 or later. | I18: DevOps | J18: 2025-06-01 | K18: Accepted
A19: VLN-015 | B19: 2025-04-01 | C19: 192.168.1.80 | D19: CVE-2020-8597 | E19: PPP Daemon Buffer Overflow | F19: Low | G19: 9.8 | H19: Update pppd to 2.4.8 or later. | I19: Infrastructure | J19: 2025-06-01 | K19: Open

Sheet SLA Policy
A1: VULNERABILITY MANAGEMENT SLA POLICY
A2: Defines remediation timeframes by severity. Apply consistently across all findings.
A4: Severity | B4: CVSS Range | C4: Remediation SLA | D4: Required Action | E4: Escalation | F4: Examples
A5: Critical | B5: 9.0–10.0 | C5: 24–48 hours | D5: Immediate containment. Emergency patch or compensating control within 24hrs. CISO notified. | E5: Escalate to CISO and leadership immediately. Incident response may apply. | F5: Log4Shell, ProxyLogon, EternalBlue
A6: High | B6: 7.0–8.9 | C6: 7–14 days | D6: Patch within SLA. Compensating controls if patch unavailable. Weekly progress update. | E6: Escalate to security manager if not resolved within 7 days. | F6: PrintNightmare, Zerologon, Spring4Shell
A7: Medium | B7: 4.0–6.9 | C7: 30 days | D7: Patch within 30 days. Track in vulnerability register. Include in monthly report. | E7: Escalate to IT manager if not resolved within 30 days. | F7: Dirty Pipe, Baron Samedit, CryptoAPI
A8: Low | B8: 0.1–3.9 | C8: 90 days | D8: Patch within 90 days or accept risk formally. Document decision. | E8: Review at quarterly vulnerability management meeting. | F8: Minor config issues, outdated non-critical software
A9: Info | B9: N/A | C9: Best effort | D9: Informational only. No remediation required. Review and document. | E9: No escalation required. | F9: Open ports, banners, version disclosure

Sheet Dashboard
A1: VULNERABILITY MANAGEMENT DASHBOARD
A2: Executive summary — update after every scan cycle.
A5: CURRENT SCAN SUMMARY
A6: Total vulnerabilities | B6: Critical open | C6: High open | D6: Medium open | E6: Low open | F6: Remediated | G6: Overdue
A7: =COUNTA('Vulnerability Register'!A5:A200)-1 -> 14 | B7: =COUNTIFS('Vulnerability Register'!F5:F200,"Critical",'Vulnerability Register'!K5:K200,"Open") -> 1 | C7: =COUNTIFS('Vulnerability Register'!F5:F200,"High",'Vulnerability Register'!K5:K200,"Open") -> 3 | D7: =COUNTIFS('Vulnerability Register'!F5:F200,"Medium",'Vulnerability Register'!K5:K200,"Open") -> 2 | E7: =COUNTIFS('Vulnerability Register'!F5:F200,"Low",'Vulnerability Register'!K5:K200,"Open") -> 1 | F7: =COUNTIF('Vulnerability Register'!K5:K200,"Remediated") -> 4 | G7: =COUNTIFS('Vulnerability Register'!J5:J200,"<"&TODAY(),'Vulnerability Register'!K5:K200,"Open") -> 0
A10: SEVERITY BREAKDOWN BY STATUS
A11: Severity | B11: Total | C11: Open | D11: In Progress | E11: Remediated | F11: Accepted | G11: False Positive | H11: % Remediated
A12: Critical | B12: =COUNTIF('Vulnerability Register'!F5:F200,"Critical") -> 3 | C12: =COUNTIFS('Vulnerability Register'!F5:F200,"Critical",'Vulnerability Register'!K5:K200,"Open") -> 1 | D12: =COUNTIFS('Vulnerability Register'!F5:F200,"Critical",'Vulnerability Register'!K5:K200,"In Progress") -> 1 | E12: =COUNTIFS('Vulnerability Register'!F5:F200,"Critical",'Vulnerability Register'!K5:K200,"Remediated") -> 1 | F12: =COUNTIFS('Vulnerability Register'!F5:F200,"Critical",'Vulnerability Register'!K5:K200,"Accepted") -> 0 | G12: =COUNTIFS('Vulnerability Register'!F5:F200,"Critical",'Vulnerability Register'!K5:K200,"False Positive") -> 0 | H12: =IF(B12=0,"",TEXT(D12/B12,"0%")) -> 33%
A13: High | B13: =COUNTIF('Vulnerability Register'!F5:F200,"High") -> 6 | C13: =COUNTIFS('Vulnerability Register'!F5:F200,"High",'Vulnerability Register'!K5:K200,"Open") -> 3 | D13: =COUNTIFS('Vulnerability Register'!F5:F200,"High",'Vulnerability Register'!K5:K200,"In Progress") -> 1 | E13: =COUNTIFS('Vulnerability Register'!F5:F200,"High",'Vulnerability Register'!K5:K200,"Remediated") -> 2 | F13: =COUNTIFS('Vulnerability Register'!F5:F200,"High",'Vulnerability Register'!K5:K200,"Accepted") -> 0 | G13: =COUNTIFS('Vulnerability Register'!F5:F200,"High",'Vulnerability Register'!K5:K200,"False Positive") -> 0 | H13: =IF(B13=0,"",TEXT(D13/B13,"0%")) -> 17%
A14: Medium | B14: =COUNTIF('Vulnerability Register'!F5:F200,"Medium") -> 4 | C14: =COUNTIFS('Vulnerability Register'!F5:F200,"Medium",'Vulnerability Register'!K5:K200,"Open") -> 2 | D14: =COUNTIFS('Vulnerability Register'!F5:F200,"Medium",'Vulnerability Register'!K5:K200,"In Progress") -> 1 | E14: =COUNTIFS('Vulnerability Register'!F5:F200,"Medium",'Vulnerability Register'!K5:K200,"Remediated") -> 1 | F14: =COUNTIFS('Vulnerability Register'!F5:F200,"Medium",'Vulnerability Register'!K5:K200,"Accepted") -> 0 | G14: =COUNTIFS('Vulnerability Register'!F5:F200,"Medium",'Vulnerability Register'!K5:K200,"False Positive") -> 0 | H14: =IF(B14=0,"",TEXT(D14/B14,"0%")) -> 25%
A15: Low | B15: =COUNTIF('Vulnerability Register'!F5:F200,"Low") -> 2 | C15: =COUNTIFS('Vulnerability Register'!F5:F200,"Low",'Vulnerability Register'!K5:K200,"Open") -> 1 | D15: =COUNTIFS('Vulnerability Register'!F5:F200,"Low",'Vulnerability Register'!K5:K200,"In Progress") -> 0 | E15: =COUNTIFS('Vulnerability Register'!F5:F200,"Low",'Vulnerability Register'!K5:K200,"Remediated") -> 0 | F15: =COUNTIFS('Vulnerability Register'!F5:F200,"Low",'Vulnerability Register'!K5:K200,"Accepted") -> 1 | G15: =COUNTIFS('Vulnerability Register'!F5:F200,"Low",'Vulnerability Register'!K5:K200,"False Positive") -> 0 | H15: =IF(B15=0,"",TEXT(D15/B15,"0%")) -> 0%
A16: Info | B16: =COUNTIF('Vulnerability Register'!F5:F200,"Info") -> 0 | C16: =COUNTIFS('Vulnerability Register'!F5:F200,"Info",'Vulnerability Register'!K5:K200,"Open") -> 0 | D16: =COUNTIFS('Vulnerability Register'!F5:F200,"Info",'Vulnerability Register'!K5:K200,"In Progress") -> 0 | E16: =COUNTIFS('Vulnerability Register'!F5:F200,"Info",'Vulnerability Register'!K5:K200,"Remediated") -> 0 | F16: =COUNTIFS('Vulnerability Register'!F5:F200,"Info",'Vulnerability Register'!K5:K200,"Accepted") -> 0 | G16: =COUNTIFS('Vulnerability Register'!F5:F200,"Info",'Vulnerability Register'!K5:K200,"False Positive") -> 0 | H16: =IF(B16=0,"",TEXT(D16/B16,"0%"))
A19: SCAN HISTORY & TREND
A20: Scan Date | B20: Critical | C20: High | D20: Medium | E20: Low | F20: Info | G20: Total | H20: Notes
A21: 2025-01-01 | B21: 5 | C21: 12 | D21: 23 | E21: 8 | F21: 14 | G21: 62 | H21: Baseline scan
A22: 2025-02-01 | B22: 3 | C22: 9 | D22: 20 | E22: 7 | F22: 14 | G22: 53 | H22: Post-patch cycle 1
A23: 2025-03-01 | B23: 3 | C23: 8 | D23: 18 | E23: 6 | F23: 14 | G23: 49 | H23: Post-patch cycle 2
A24: 2025-04-01 | B24: 3 | C24: 5 | D24: 4 | E24: 2 | F24: 1 | G24: 15 | H24: Current scan

Sheet Asset Inventory
A1: ASSET INVENTORY — SCAN SCOPE
A2: Define which assets are in scope for vulnerability scanning. Review quarterly.
A4: Asset ID | B4: Hostname / IP | C4: Asset Type | D4: OS / Platform | E4: Business Owner | F4: Environment | G4: Criticality | H4: Last Scanned
A5: AST-001 | B5: 192.168.1.10 | C5: Server | D5: Windows Server 2019 | E5: IT Operations | F5: Production | G5: Critical | H5: 2025-04-01
A6: AST-002 | B6: 192.168.1.15 | C6: Server | D6: Windows Server 2016 | E6: IT Operations | F6: Production | G6: Critical | H6: 2025-04-01
A7: AST-003 | B7: 192.168.1.20 | C7: Server | D7: Windows Server 2019 | E7: IT Operations | F7: Production | G7: High | H7: 2025-04-01
A8: AST-004 | B8: 192.168.1.25 | C8: Server | D8: Ubuntu 20.04 LTS | E8: DevOps | F8: Production | G8: Critical | H8: 2025-04-01
A9: AST-005 | B9: 192.168.1.30 | C9: Server | D9: CentOS 7 | E9: DevOps | F9: Production | G9: High | H9: 2025-04-01
A10: AST-006 | B10: 192.168.1.40 | C10: Virtual | D10: VMware ESXi 7.0 | E10: Infrastructure | F10: Production | G10: Critical | H10: 2025-04-01
A11: AST-007 | B11: 192.168.1.50 | C11: Server | D11: Ubuntu 18.04 LTS | E11: DevOps | F11: Staging | G11: Medium | H11: 2025-04-01
A12: AST-008 | B12: 192.168.1.55 | C12: Server | D12: Debian 10 | E12: Infrastructure | F12: Production | G12: High | H12: 2025-04-01
A13: AST-009 | B13: 192.168.1.60 | C13: Server | D13: Ubuntu 20.04 LTS | E13: DevOps | F13: Production | G13: Medium | H13: 2025-04-01
A14: AST-010 | B14: 192.168.1.70 | C14: Server | D14: CentOS 8 | E14: DevOps | F14: Production | G14: Medium | H14: 2025-04-01
A15: AST-011 | B15: 192.168.1.80 | C15: Network | D15: Linux (pppd) | E15: Infrastructure | F15: Production | G15: Low | H15: 2025-04-01

Sheet Remediation Tracker
A1: REMEDIATION ACTION TRACKER
A2: Track every remediation action with owner, deadline, and evidence of fix.
A4: Action ID | B4: Vuln ID | C4: Asset | D4: Action Required | E4: Owner | F4: Priority | G4: Due Date | H4: Status | I4: Evidence / Notes
A5: REM-001 | B5: VLN-001 | C5: 192.168.1.10 | D5: Update Log4j to 2.17.1. Apply WAF blocking rules immediately. | E5: IT Security | F5: Critical | G5: 2025-04-08 | H5: Open
A6: REM-002 | B6: VLN-002 | C6: 192.168.1.10 | D6: Apply KB5004945. Restart Print Spooler service after patch. | E6: IT Operations | F6: Critical | G6: 2025-04-08 | H6: In Progress | I6: Patch downloaded, testing in staging
A7: REM-003 | B7: VLN-003 | C7: 192.168.1.25 | D7: Upgrade Confluence to 7.4.17. Verified in staging first. | E7: DevOps | F7: Critical | G7: 2025-04-08 | H7: Complete | I7: Upgraded April 3. Scan confirmed clean.
A8: REM-004 | B8: VLN-004 | C8: 192.168.1.15 | D8: Apply March 2023 Outlook update via WSUS. | E8: IT Operations | F8: High | G8: 2025-04-15 | H8: Open
A9: REM-005 | B9: VLN-005 | C9: 192.168.1.20 | D9: Apply KB5000871. Run EOMT.ps1 script post-patch. | E9: IT Operations | F9: High | G9: 2025-04-15 | H9: In Progress | I9: EOMT script run. Patch scheduled weekend.
A10: REM-006 | B10: VLN-007 | C10: 192.168.1.10 | D10: Apply KB4499175. Disable RDP on non-management hosts. | E10: IT Operations | F10: High | G10: 2025-04-15 | H10: Complete | I10: Patched April 2. RDP disabled on 3 hosts.
A11: REM-007 | B11: VLN-009 | C11: 192.168.1.15 | D11: Apply August 2020 Netlogon patch. Enable enforcement mode. | E11: IT Operations | F11: High | G11: 2025-04-15 | H11: Complete | I11: Patched April 4. Enforcement mode enabled.
A12: REM-008 | B12: VLN-010 | C12: 192.168.1.50 | D12: Upgrade Confluence to 7.13.0 or apply workaround script. | E12: DevOps | F12: Medium | G12: 2025-05-01 | H12: Open
A13: REM-009 | B13: VLN-014 | C13: 192.168.1.70 | D13: Risk accepted — host isolated, no internet exposure. | E13: DevOps | F13: Low | G13: 2025-06-01 | H13: Accepted | I13: Risk acceptance signed by IT Manager 2025-04-01

Sheet Remediation Decision Tree
A1: VULNERABILITY REMEDIATION DECISION TREE
A2: Follow this decision tree for every vulnerability. Every finding must result in: Patch · Compensating Control · Risk Acceptance
A5: STEP 1 — TRIAGE
A6: As soon as a vulnerability is discovered, answer these questions before deciding on a remediation path.
A7: # | B7: Question / Factor | C7: How to assess | D7: If YES / Action | E7: If NO / Alternative
A8: Q1 | B8: Is this a false positive? | C8: Review the finding and cross-reference with the CVE database. | D8: False positive → mark as False Positive. Document evidence. No further action. | E8: Confirmed → proceed to Step 2
A9: Q2 | B9: What is the CVSS score? | C9: Use CVSS as your starting severity. Critical ≥9.0 · High 7.0–8.9 · Medium 4.0–6.9 · Low <4.0 | D9: Sets your SLA clock. Critical: 48hrs · High: 14 days · Medium: 30 days · Low: 90 days | E9: Proceed to Step 3
A10: Q3 | B10: Is the asset internet-facing? | C10: Internet-facing assets with exploitable vulns are highest priority — attackers can reach them directly. | D10: Internet-facing + Critical/High → escalate immediately. Treat as P1. | E10: Internal only → follow standard SLA
A12: STEP 2 — PRIORITISATION
A13: CVSS score alone is not enough. Apply these risk context factors to determine true priority.
A14: # | B14: Question / Factor | C14: How to assess | D14: If YES / Action | E14: If NO / Alternative
A15: F1 | B15: Known exploit in the wild? | C15: Check CISA KEV catalog and NVD. If exploited in wild, treat as one severity higher. | D15: In CISA KEV → treat as Critical regardless of CVSS score. | E15: No known exploit → use CVSS score
A16: F2 | B16: What data does the asset hold? | C16: An asset holding PII, PCI, or PHI has higher effective risk than one holding internal data only. | D16: Sensitive data asset → increase priority by one level. | E16: Non-sensitive → standard priority
A17: F3 | B17: What is the blast radius? | C17: Can the attacker pivot to other systems? Domain controllers and core infra have maximum blast radius. | D17: High blast radius → escalate to CISO. Include in IR planning. | E17: Isolated system → standard process
A19: STEP 3 — REMEDIATION PATH
A20: Every vulnerability must be assigned one of three remediation paths. Document the decision.
A21: # | B21: Question / Factor | C21: How to assess | D21: If YES / Action | E21: If NO / Alternative
A22: PATH A | B22: Can a patch be applied? | C22: Check vendor advisory. Verify patch is tested and approved for your environment. | D22: Patch available + approved → PATCH. Schedule within SLA. Test in staging first. | E22: No patch available → go to Path B
A23: PATH B | B23: Can a compensating control be applied? | C23: If patching is not possible, apply a control that reduces exploitability or impact. | D23: WAF rule, network segmentation, disable service, restrict access, enforce MFA. | E23: No compensating control possible → go to Path C
A24: PATH C | B24: Can the risk be formally accepted? | C24: Valid only when patching and compensating controls are genuinely not feasible. | D24: Written justification + business owner sign-off + CISO approval + review date. | E24: Escalate — do not leave unaddressed
A26: STEP 4 — VERIFICATION
A27: Remediation is not complete until a re-scan confirms the vulnerability is gone.
A28: # | B28: Question / Factor | C28: How to assess | D28: If YES / Action | E28: If NO / Alternative
A29: V1 | B29: Re-scan the affected asset | C29: Run a targeted Nessus scan against the specific host after remediation. | D29: Vulnerability gone → mark Remediated. Record date closed and evidence. | E29: Vulnerability still present → remediation failed. Restart process.
A30: V2 | B30: Verify compensating control | C30: For compensating controls, test the control actually mitigates the risk. | D30: Control effective → document test evidence. Mark status Remediated with note. | E30: Control not effective → escalate and find alternative.
A31: V3 | B31: Update the register | C31: Every closure must be recorded with date closed and evidence. Auditors will ask. | D31: Required: re-scan result, patch ticket number, or compensating control test result. | E31: Missing evidence → finding remains Open for audit purposes.

Sheet Patch Management Log
A1: PATCH MANAGEMENT LOG
A2: Record every patch applied. Evidence required for SOC 2 CC6.7 and ISO 27001 A.8.8.
A4: Patch ID | B4: Vuln ID | C4: Asset / Host | D4: CVE / KB | E4: Patch / Fix | F4: Patch Source | G4: Tested in Staging | H4: Applied By | I4: Date Applied | J4: Re-scan Result | K4: Evidence
A5: PCH-001 | B5: VLN-003 | C5: 192.168.1.25 | D5: CVE-2022-26134 | E5: Upgrade Confluence to 7.4.17 | F5: Atlassian Advisory | G5: Yes | H5: Victor E. | I5: 2025-04-03 | J5: Clean | K5: JIRA-1234 · Re-scan 2025-04-03
A6: PCH-002 | B6: VLN-007 | C6: 192.168.1.10 | D6: CVE-2019-0708 / KB4499175 | E6: Windows Security Update KB4499175 | F6: Microsoft Update Catalog | G6: Yes | H6: IT Operations | I6: 2025-04-02 | J6: Clean | K6: JIRA-1201 · Re-scan 2025-04-02
A7: PCH-003 | B7: VLN-009 | C7: 192.168.1.15 | D7: CVE-2020-1472 / KB4571694 | E7: Netlogon patch + enforcement mode | F7: Microsoft Update Catalog | G7: Yes | H7: IT Operations | I7: 2025-04-04 | J7: Clean | K7: JIRA-1218 · Re-scan 2025-04-04
A8: PCH-004 | B8: VLN-013 | C8: 192.168.1.25 | D8: CVE-2020-0601 / KB4528760 | E8: Windows CryptoAPI patch KB4528760 | F8: Microsoft Update Catalog | G8: Yes | H8: IT Operations | I8: 2025-04-05 | J8: Clean | K8: JIRA-1225 · Re-scan 2025-04-05

Sheet Compensating Controls
A1: COMPENSATING CONTROLS REGISTER
A2: Applied when a patch is unavailable. Must be reviewed at every scan cycle.
A4: Control ID | B4: Vuln ID | C4: Asset | D4: Vulnerability | E4: Control Applied | F4: Control Type | G4: Implemented By | H4: Date Applied | I4: Review Date | J4: Effectiveness
A5: CC-001 | B5: VLN-001 | C5: 192.168.1.10 | D5: Apache Log4Shell (CVE-2021-44228) | E5: WAF rule blocking JNDI lookup patterns. Log4j update scheduled next maintenance window. | F5: WAF Rule | G5: IT Security | H5: 2025-04-01 | I5: 2025-04-08 | J5: Effective — JNDI patterns blocked
A6: CC-002 | B6: VLN-005 | C6: 192.168.1.20 | D6: Exchange ProxyLogon (CVE-2021-26855) | E6: EOMT.ps1 script applied. Exchange isolated to internal VLAN. External access disabled. | F6: Network Segmentation | G6: IT Operations | H6: 2025-04-02 | I6: 2025-04-15 | J6: Effective — external access removed
A7: CC-003 | B7: VLN-008 | C7: 192.168.1.40 | D7: VMware vCenter RCE (CVE-2021-21985) | E7: vCenter restricted to admin VLAN only. External access removed via firewall rule. | F7: Access Restriction | G7: Infrastructure | H7: 2025-04-03 | I7: 2025-04-15 | J7: Effective — access restricted to 3 admin IPs

Sheet Risk Acceptance Register
A1: RISK ACCEPTANCE REGISTER
A2: Risk acceptance is a last resort — not a default. Every entry requires business owner and CISO sign-off.
A4: Risk ID | B4: Vuln ID | C4: Asset | D4: Vulnerability | E4: Severity | F4: Justification | G4: Business Owner | H4: CISO Approval | I4: Accepted Date | J4: Review Date
A5: RA-001 | B5: VLN-014 | C5: 192.168.1.70 | D5: PHP-FPM RCE (CVE-2019-11043) | E5: Low | F5: Host is isolated — no internet exposure, no sensitive data. Patch requires PHP upgrade breaking legacy app. Reviewed by IT Manager. | G5: IT Manager — J. Smith | H5: CISO Approved | I5: 2025-04-01 | J5: 2025-07-01
A9: RISK ACCEPTANCE RULES
A10: 1. | B10: Critical vulnerabilities cannot be risk accepted — they must be patched or have a compensating control applied.
A11: 2. | B11: High vulnerabilities require CISO approval before risk acceptance. Business owner alone is not sufficient.
A12: 3. | B12: All accepted risks must have a review date — maximum 90 days for High, 6 months for Medium and Low.
A13: 4. | B13: Risk acceptance does not close the vulnerability — it remains Open in the register with status Accepted.
A14: 5. | B14: At review date, the risk must be reassessed. If still unpatched, a new acceptance must be signed.
A15: 6. | B15: Auditors will review this register. Every entry needs a documented justification and named approver.
